item,total_item_supply,pulp_actual_unmet,proportional_actual_unmet,equal_split_actual_unmet
1,16764,3846.0,3846.0,4309.0
2,44410,10476.0,10476.0,11657.0
3,27967,6751.0,6751.0,7334.0
4,16730,3917.0,3917.0,4351.0
5,14115,3271.0,3262.0,3611.0
6,44306,10483.0,10483.0,11542.0
7,44285,10788.0,10788.0,11815.0
8,58291,14471.0,14471.0,15928.0
9,38935,8985.0,8985.0,9954.0
10,55518,13487.0,13487.0,14904.0
11,52848,13518.0,13518.0,14768.0
12,52794,12603.0,12603.0,13938.0
13,63513,15579.0,15575.0,17014.0
14,44440,11121.0,11121.0,12105.0
15,65832,17283.0,17243.0,18881.0
16,19633,4300.0,4300.0,4890.0
17,25037,5811.0,5795.0,6380.0
18,63663,15538.0,15538.0,17116.0
19,30829,7136.0,7077.0,7879.0
20,36010,8727.0,8727.0,9504.0
21,30712,7239.0,7239.0,8108.0
22,60829,14923.0,14923.0,16296.0
23,22337,5412.0,5412.0,6007.0
24,49948,12173.0,12173.0,13507.0
25,61111,14659.0,14642.0,16156.0
26,36178,8628.0,8557.0,9420.0
27,17006,3534.0,3481.0,4041.0
28,65702,17110.0,17110.0,18581.0
29,52808,12680.0,12623.0,14208.0
30,30759,6979.0,6888.0,7777.0
31,44402,10672.0,10663.0,11705.0
32,33531,8101.0,8101.0,8967.0
33,52913,12221.0,12126.0,13645.0
34,19637,4702.0,4702.0,5246.0
35,49824,12033.0,12033.0,13297.0
36,58233,14465.0,14465.0,15720.0
37,22313,5296.0,5282.0,6011.0
38,60807,15571.0,15571.0,17061.0
39,33358,8123.0,8123.0,9069.0
40,22381,5325.0,5306.0,5800.0
41,16914,3598.0,3582.0,4208.0
42,27753,6618.0,6618.0,7282.0
43,39020,9487.0,9487.0,10378.0
44,22326,5436.0,5436.0,6029.0
45,61030,14573.0,14573.0,16060.0
46,44448,11117.0,11117.0,12143.0
47,16983,3729.0,3709.0,4246.0
48,39029,9622.0,9622.0,10412.0
49,22379,4906.0,4896.0,5580.0
50,49968,11467.0,11427.0,12805.0
ALL,1980559,478490.0,477850.0,527645.0
